{
    "weekday": {
        "0": 7.246376811594203e-05,
        "1": 0.00016908212560386474,
        "2": 0.00022946859903381643,
        "3": 0.00024154589371980676,
        "4": 0.0007608695652173914,
        "5": 0.001461352657004831,
        "6": 0.002934782608695652,
        "7": 0.0030917874396135265,
        "8": 0.0036594202898550727,
        "9": 0.0050603864734299515,
        "10": 0.004722222222222222,
        "11": 0.005881642512077295,
        "12": 0.006328502415458938,
        "13": 0.005543478260869565,
        "14": 0.005301932367149758,
        "15": 0.004698067632850242,
        "16": 0.004577294685990338,
        "17": 0.004468599033816425,
        "18": 0.0038768115942028987,
        "19": 0.00321256038647343,
        "20": 0.0022222222222222222,
        "21": 0.0007608695652173914,
        "22": 0.0004830917874396135,
        "23": 0.0002173913043478261
    },
    "weekend": {
        "0": 0.00038194444444444446,
        "1": 0.0001388888888888889,
        "2": 0.00010416666666666667,
        "3": 0.00010416666666666667,
        "4": 0.00024305555555555555,
        "5": 0.0004861111111111111,
        "6": 0.0004166666666666667,
        "7": 0.0007638888888888889,
        "8": 0.0014930555555555556,
        "9": 0.0020833333333333333,
        "10": 0.0028472222222222223,
        "11": 0.002951388888888889,
        "12": 0.003611111111111111,
        "13": 0.004826388888888889,
        "14": 0.0050347222222222225,
        "15": 0.005451388888888889,
        "16": 0.0038541666666666668,
        "17": 0.0042361111111111115,
        "18": 0.002395833333333333,
        "19": 0.0021527777777777778,
        "20": 0.0014583333333333334,
        "21": 0.000625,
        "22": 0.0006597222222222222,
        "23": 0.000625
    }
}